{
    "model_name": "arima",
    "mae": 71750.98790806638,
    "rmse": 79550.93074067715,
    "mape": 4.6318293664375645,
    "smape": 4.5995895699089395,
    "wmape": 4.620537414845998
}