{
    "model_name": "best_sarima",
    "mae": 262198.71718497714,
    "rmse": 385651.58509094204,
    "mape": 17.367239671211536,
    "smape": 15.323544910526104,
    "wmape": 16.884770763436585
}