{
    "model_name": "best_arima",
    "mae": 69216.38048277056,
    "rmse": 77515.90014257762,
    "mape": 4.470585256291368,
    "smape": 4.4385000216901425,
    "wmape": 4.457316687411119
}