{
    "model_name": "ensemble",
    "mae": 111703.48282913084,
    "rmse": 149068.79738258122,
    "mape": 7.3624436048351605,
    "smape": 6.999392622786617,
    "wmape": 7.193352131149991
}